Channel_1,Channel_2,Channel_3,Channel_4,Channel_5,Channel_6,Channel_7,Channel_8,Channel_9,Channel_10,Channel_11,Channel_12,Channel_13,Channel_14,Channel_15,Channel_16,Label
0.6309775409846887,0.8392539366773536,0.6844952193827686,0.7720071583466432,0.6536976751001745,0.479511408173553,0.6575608143543239,0.1959984631478,0.17275898819115576,0.5505768525085151,0.6363431021851232,0.442507909271153,0.5857042554669183,0.7247197010999916,0.7650472029732115,0.45511180957380437,0.0
0.4465367994703149,0.6234910471622314,0.7663991233502987,0.1676143239246516,0.4109634574509622,0.4628736192633687,0.28880359446654136,0.7116156625674298,0.16224370998081383,0.7040837291589012,0.5383872833968718,0.27578127076790593,0.3244289779141256,0.16396146740800221,0.4494103148595153,0.9027786639356968,0.0
0.7560861971999256,0.24121331962633896,0.13050725699929377,0.3658928304647271,0.9876062840091184,0.7270183857440213,0.9100157067129545,0.484202870903526,0.09287698654527166,0.8886292714094127,0.47076161804487626,0.6512140183894645,0.7587923241985277,0.28793702368099117,0.9169607833893376,0.35437268287843404,0.0
0.4444736393459088,0.08620474678248535,0.8328204734185726,0.37860126113183434,0.35918699262816955,0.03167117509472306,0.45806054588363165,0.26238011344549206,0.5416468953053789,0.2710780063396476,0.5662268256614933,0.28221854401096547,0.8079716101781773,0.45773033058314117,0.053001079598631984,0.8451615988175647,0.0
0.8422654369955631,0.7467625699342841,0.31474373765885,0.01589912858353959,0.19303813292570293,0.9775225347972821,0.7421489749349088,0.7294036776326319,0.9596972699117119,0.6393463488268065,0.5732605642954335,0.8299357909410656,0.02925926910245291,0.7560051368683506,0.1365472397497065,0.5315064315291904,0.0
0.12121886677842297,0.770402282748733,0.680650655603869,0.6140845157896401,0.9101663903671964,0.16123950148576693,0.754838677183462,0.5712137171165982,0.22582291562683277,0.9936187496418527,0.15365106584717014,0.8106437584313874,0.8726604544692023,0.7670672091202403,0.9797330546407699,0.07306172740379513,0.0
0.39238658854700503,0.41036668393526887,0.6437215656315692,0.5423620494074043,0.32651356430027323,0.4049078834033447,0.15618082105146247,0.4807792383362406,0.8027395507265036,0.4557670212727579,0.9920691060613896,0.776218584589928,0.7128792731673664,0.8896208471286674,0.007029683875445003,0.9532152952402726,0.0
0.22356615913672928,0.9938890034259001,0.8238024646829811,0.919369854068045,0.724911029000169,0.07331265224902672,0.4088985091201631,0.5003546919799804,0.8686195549231164,0.9860159273129452,0.3027693463038007,0.5401531538756948,0.2038394253302518,0.853083901761499,0.15695740087279086,0.46196803428143274,0.0
0.5645845778613735,0.21998018453822266,0.5139462589864856,0.8647434819885069,0.7423936431273475,0.25190422233649923,0.1354472078257669,0.18020636334581264,0.07699275100632375,0.2861315843218859,0.3013676156943409,0.15020045666980564,0.3948327385631796,0.14318613386295997,0.4022884779642857,0.9618105805143646,0.0
0.12057684278263425,0.7486488984050229,0.352770672871316,0.41659118042004895,0.2983146890855406,0.5274040829811958,0.19591137391691804,0.8631141539365157,0.11885696840131799,0.7628911169673112,0.4428322708542438,0.8446749495790052,0.24638220231175267,0.3713675587849342,0.004450778847104875,0.4364655394542408,0.0
0.9458828082972655,0.6112178163370312,0.3170712647931132,0.645744003504958,0.1915543058222242,0.09187333615166726,0.045267182166080056,0.8508126192155518,0.8830256514736801,0.1218204488510426,0.7775301763166252,0.12254920993337615,0.4180948232651396,0.6261214315672041,0.8201175391270343,0.04987644994378437,0.0
0.32507432116391155,0.5727160709590267,0.33625297568583656,0.3614162626298445,0.24953915411193728,0.9000331690865155,0.49032788676115013,0.9687732191827078,0.01796505491518241,0.6125428184266146,0.4829979956039794,0.3848445665879966,0.9594660950358802,0.3536970140356177,0.8636906108374134,0.8175853265514702,0.0
0.17360736569223822,0.0719270257808513,0.15036052221510032,0.8267061725638619,0.8339944936211043,0.2693835803463155,0.21623088734512708,0.45593096757324425,0.9344455354937085,0.9839738839087354,0.34599586809792815,0.8911779792537321,0.4872170463048443,0.32739500312175285,0.860612108995784,0.005280815816096851,0.0
0.6384841215153558,0.25350336547817254,0.809965365629527,0.9336454323808547,0.07085193916344956,0.1646957140288149,0.5819395049723639,0.4330882128543717,0.3538640189099326,0.13934556030763967,0.8898346971884121,0.8698099375500914,0.1451038319001099,0.4641531002654894,0.8385664287460316,0.7285130317221775,0.0
0.3717091669625675,0.47823837362464405,0.766207673779484,0.9532215193682554,0.7091639532412954,0.6760689497280028,0.5037769247733095,0.7962864064976259,0.6842222031168445,0.47367933078808033,0.2157954910751534,0.7285573353876399,0.3719934466586974,0.5366293171348602,0.7028200478987999,0.00022049328519402334,0.0
0.7308344057179967,0.9554501575796381,0.301993199635723,0.9343743657558753,0.37816380617155965,0.09508056218971594,0.4602519123544915,0.7735952139222174,0.06648283785589959,0.004768660437334593,0.747238060371191,0.7425856647932358,0.5022679017310407,0.5866481459096089,0.9982933967260879,0.7775200178363915,0.0
0.8456752018016981,0.6690236152731307,0.9856147183480053,0.6851174547206993,0.67528051469107,0.7358098853039028,0.15097987175815653,0.5241072159971711,0.2408039567682847,0.5107839035261799,0.4440448147131847,0.5972366261306685,0.5067666735849,0.4688747224834101,0.42315021243777695,0.3813215989272156,0.0
0.9926304928021974,0.6512157108481076,0.6588432095836215,0.028143798677945142,0.0815885651955689,0.277928024022258,0.28890635997025294,0.84187813590669,0.3502498183012258,0.48752643691928477,0.44777948960561187,0.7900744906013829,0.10342481543737558,0.7460444319369267,0.3471291860884532,0.6494635830844789,0.0
0.023972215376377393,0.49190017626686366,0.6966103110741554,0.9474715562868619,0.6636515900695642,0.22588543264228378,0.7568958702901896,0.5777556340621374,0.5119669814697753,0.3722474860801517,0.567921227212772,0.2760216250993949,0.1835986832994272,0.21361033233429882,0.33554014854033576,0.5684596536958797,0.0
0.29283939534844816,0.29651563793181046,0.10848515981550522,0.9746787299054775,0.04904674960695887,0.27968632198890186,0.9444494328212432,0.09364753884347998,0.5711784452070156,0.2260405629087061,0.9105112071064431,0.7854322177994914,0.8257770389668335,0.8995494849168502,0.3584001580141698,0.48499350117643636,0.0
0.25752725183442904,0.3195814478056389,0.7278652746798034,0.13345227317015518,0.4278773080493318,0.12471517549985212,0.39080191879436543,0.08526875392702815,0.38974488397863405,0.7358855052115676,0.009647029217159542,0.4950644900996286,0.23781727600501057,0.537985013145767,0.007283572101951186,0.672865449391746,0.0
0.10724421054770683,0.6872639139115978,0.9430518070464523,0.6727491524572528,0.22968985314239831,0.259360670472329,0.6650260965884626,0.6833334498764677,0.4143935136336845,0.8278124597698647,0.8785837037747473,0.7590797252716747,0.8050999150963567,0.053485260117470124,0.9141145966210827,0.5061051577960565,0.0
0.7719311985740045,0.505273418295962,0.571853162736461,0.8192434033255368,0.6190922206103057,0.9840321985197948,0.7216097455885097,0.008795802684098741,0.9726709329589132,0.9623077570003732,0.3199968428969233,0.6073133523626242,0.6501487157335984,0.1194393519551229,0.6159434804406435,0.7287231434759999,0.0
0.8589178677832949,0.649877036074221,0.4114912096445247,0.08165636276201771,0.46167973227264514,0.1629966121325932,0.015245777639796954,0.7382133467584991,0.9804627438678113,0.009910263895593574,0.8591431836312716,0.1054758940045164,0.8997516219464102,0.020507845849708994,0.4057609451811761,0.6392495226950093,0.0
0.2660353531419931,0.18223464325436423,0.34372415957215574,0.8201986097074256,0.8184901144285233,0.969449320950787,0.04771887794867369,0.8438656000454302,0.012446152859753368,0.42762690847660445,0.4907901235670331,0.6163099542332978,0.307597187258537,0.07729128046263534,0.3846925632459728,0.7830099434202384,0.0
0.8212719255935392,0.04540886420918433,0.5890726216616635,0.42364805630529156,0.9937659625236702,0.42953338034734656,0.5779149297883672,0.9844210357197316,0.13167572428572472,0.6252840276275833,0.5339638669624001,0.6336975103763195,0.9383915054967955,0.824562809437773,0.5296897413166514,0.7486989378692721,0.0
0.09800545291763163,0.8131943494587769,0.5886180168796269,0.9622302815164274,0.1439453199899452,0.05635331538996691,0.30282567876599964,0.5364849518666635,0.09255783779441251,0.3093459716169771,0.07717364811264149,0.5207781138115763,0.3819750844474612,0.32328457531955224,0.3041434265598265,0.9971061465133974,0.0
0.20359459531571578,0.37209044247153933,0.44491231614840243,0.2153898986844588,0.7742447512990736,0.6301862659385792,0.08812797688351515,0.44971768348414765,0.8501864188374171,0.42794206931396506,0.39056599476103493,0.22986916409828473,0.4514458881413519,0.23636796277347738,0.5174254256152591,0.48383396491518393,0.0
0.9874670061608009,0.7649328299315274,0.48318791335548983,0.09361817294989039,0.8414606497676599,0.540922642820255,0.529938241864908,0.3560023249546056,0.33074145271098754,0.36748077678809876,0.19467387351955778,0.7451547116203514,0.2867103696710934,0.04273516586933912,0.38112403979701337,0.6528588978771779,0.0
0.4161900667156443,0.4529457608957631,0.8654286070142023,0.03433699894018272,0.6159956294450173,0.30542896813703135,0.32170657117718804,0.5167588795963071,0.7129787434264702,0.0703438055346185,0.865027959628696,0.9533184471863481,0.10099293997907322,0.7367240962191799,0.34335162539386255,0.7307845422171227,0.0
0.26045780111368166,0.662033169004518,0.5522570178435751,0.8942225393388846,0.5228836216634966,0.6129524755527096,0.9289607847901462,0.5347450415302885,0.41993857688008973,0.7538709190124216,0.8155213058306451,0.37667660088523447,0.7653638076844134,0.7019093063109603,0.16844219515967207,0.07645085934157825,0.0
0.7786362428788826,0.5950984098216522,0.5135313425717435,0.3398697061980348,0.41930905220727666,0.6280056867354661,0.2904890766192101,0.5071305923473549,0.8719340832593451,0.20158032836739692,0.5164307082974912,0.5974499211064415,0.8649142641684172,0.9945586224084334,0.3353013554367258,0.7552582649880941,0.0
0.6653984837688026,0.23159994666353623,0.7214988020657315,0.4946991452295276,0.7897738912904743,0.12811718845707976,0.9411431301067823,0.1017943673081304,0.48036770074305535,0.713811576554269,0.9103725004529156,0.6376742091464697,0.23880413145435664,0.7706455046884733,0.5525780460878182,0.14050243279866992,0.0
0.5259869316699357,0.43483170286969053,0.5469265080525393,0.7628107098214292,0.10560646295965348,0.597527603449083,0.6568508169017201,0.8569764079746204,0.03886885324706979,0.46903470623046606,0.36444258974918864,0.7050670116008334,0.12648644865287406,0.2710538807668993,0.5744752320996195,0.9211708705125597,0.0
0.5010806130591344,0.8223573877801277,0.696915714627103,0.6332776959797234,0.8371700914464065,0.3351790281822823,0.11093026152997121,0.038562537612579106,0.4360604456469107,0.028307814365528206,0.402062094111854,0.3602154800513667,0.023757686595738514,0.3328949122104967,0.7589952794146311,0.3004895754150233,0.0
0.35977618533955213,0.07705359402263001,0.014124533887759139,0.9161632683704076,0.22658294776980736,0.238235409625297,0.12556267297339885,0.950236974647318,0.4777890129490736,0.6491198427283779,0.4885607980908112,0.9136812559126377,0.3133752703419892,0.8432368529778036,0.8417278652435223,0.6924259419431428,0.0
0.7658822193162814,0.346578439553176,0.8753722627580152,0.174803743179214,0.5092056147849894,0.784721204627287,0.7857371028664372,0.35554365577243696,0.2070401141467345,0.8738292237195301,0.1143095353784559,0.7532179139997844,0.2029152136658382,0.061354594378315475,0.8720964498391343,0.31862787315118724,0.0
0.5670910569768519,0.13194272851821776,0.48224138726700294,0.21727907890392817,0.7249227657356293,0.3433305195922344,0.5918236537858822,0.7605436724248901,0.3073324874316655,0.4249017261816931,0.7718463234962302,0.0456464116273787,0.40938915493577555,0.9379928437293142,0.28249394490049173,0.20143654396153743,0.0
0.3070699620427716,0.44777958906213255,0.3069633864923532,0.6387541863643423,0.7905671436561421,0.7404926600106502,0.3263084768530652,0.19846882424781442,0.523288295899813,0.07296609365492779,0.5790236538113256,0.269578333602708,0.7970333213034219,0.3736328905536862,0.8365866536254823,0.09733701987283672,0.0
0.33953499036796353,0.037944282698672116,0.9591387277517136,0.41010525571771883,0.9931730275081119,0.10754231031881578,0.45842458933822317,0.8908273266069294,0.21962526292382156,0.04727318276284287,0.6234932176768965,0.32597322865636813,0.28833705730051984,0.8104795055697889,0.9178582899087971,0.7958436152367641,0.0
0.1374724946995507,0.6990488356445708,0.4071655209374526,0.030594793205556692,0.8648215138934826,0.6554784072986549,0.24936843433073463,0.4684357277490251,0.9241131827530525,0.9708315204868772,0.8749122438227641,0.29549003342920577,0.3034250312419149,0.5426239905798227,0.5210962202090507,0.4983171678118512,0.0
0.21515422272054996,0.28103839101053063,0.8841899777226663,0.4233273003199274,0.4344586748670911,0.6051644951639368,0.18847538272360542,0.4008253998235728,0.4448524699144393,0.25964335198001465,0.39189538556521253,0.14102102762978297,0.558122643822557,0.2395755674794211,0.5236104050842323,0.6785970764300602,0.0
0.16798221946407033,0.6061226465949537,0.20885199365184715,0.43182978508462233,0.30334011783001735,0.9219093839042003,0.8250310853426674,0.6208560533665551,0.9745475821870581,0.6417481998319026,0.6182865820166431,0.8927052920248023,0.06279461950677367,0.8850976535638148,0.391512066678524,0.0877565594438432,0.0
0.4814699949210598,0.8820868869471887,0.9304409590813393,0.7536462625011489,0.35626220165245304,0.4823613304666058,0.7165169823608606,0.4366790039924988,0.7748973324815372,0.883646746516303,0.8935813700410802,0.6044116123571966,0.09139067147110902,0.5178228802114724,0.26713773443342703,0.9075399335233723,0.0
0.40348555972924416,0.8236966851554647,0.41006776394182165,0.6608658519379818,0.13452944202240757,0.0962419248473726,0.5516740351730268,0.7510804406052165,0.6043757316364458,0.6579468037101093,0.2607192976313184,0.3167674315006558,0.2504571179782572,0.6060740957096934,0.6480305424044475,0.19905586414783527,0.0
0.27500271265265763,0.2655782472551873,0.8369048813264798,0.605506175990406,0.5140467534617008,0.6403434121223878,0.33832508413382234,0.581549220749532,0.2482380105414692,0.27370295328260186,0.17925967004188537,0.7192425990367648,0.8524620021558325,0.6454650581368202,0.7187128181453021,0.40493139015918667,0.0
0.1227911959101482,0.3865764700020706,0.10193022036455224,0.31982213957113415,0.9923696111830427,0.0820079021362673,0.7063626829712978,0.9021027277515751,0.8250084500581615,0.06791274846097883,0.9757923585334941,0.7151587713326593,0.02914955040299294,0.38534937759106547,0.5408197850655433,0.9248164124255078,0.0
0.3712964950742661,0.8369313503754338,0.24582338747739507,0.9647286177701528,0.9039250572224122,0.63732228783698,0.2572126391480859,0.3158781965126952,0.9639888875627457,0.04794080012141089,0.9222280232428934,0.21676572658182303,0.7158124009520401,0.33017089262294474,0.808502332294381,0.11265762301975368,0.0
0.6526587540687703,0.3614912148715591,0.9880321722972699,0.20970860534590086,0.6310004797764124,0.2364227496118544,0.21432194664743698,0.04657362498638096,0.8975338555964684,0.5274592740894282,0.7110013115395367,0.3519634520445639,0.15617777182097226,0.08256785863565042,0.3909728379918599,0.5763980334759158,0.0
0.8388226549078605,0.30174348717325594,0.4384786837077398,0.7587747115670447,0.6729156183400518,0.7453259703793477,0.8712280026045343,0.5210437490423615,0.33455360092234765,0.8332026067496832,0.9354590350819686,0.8458103199044608,0.9753300562365249,0.3903250634496398,0.084412022490152,0.2892229112507789,0.0
0.5862031856647034,0.35756499947288056,0.7721661110114993,0.003930466821397416,0.5912790419714732,0.21440154465552463,0.2668996124409505,0.9689716475577763,0.4742533601111124,0.38293165802314355,0.6250960969328507,0.5290647010286363,0.9192715646993713,0.9418508906553974,0.7547133820743009,0.32097970087842076,1.0
0.9174574638000205,0.09040165271648215,0.09398298468978439,0.5373842261634914,0.717335764884374,0.9346828948261595,0.3504904468909026,0.3692569260022688,0.03877584692258118,0.5274593691493781,0.7469006819592177,0.8131700225259912,0.8991919565039443,0.7373270263766217,0.06442850604933059,0.4251337839682381,1.0
0.2666717944404745,0.8689386305243653,0.35193024383031113,0.75835177841159,0.5371489353780573,0.7346987257406739,0.4539288214186896,0.9060612961454204,0.10303266658351729,0.08766005590828863,0.5739139588958693,0.4455210152462321,0.2901586398161492,0.7113226100525923,0.8846486756914903,0.6879788274338481,1.0
0.9416274166917699,0.9532782029857918,0.8562647187701443,0.4844229442441438,0.95101136211313,0.4979981356452492,0.6101662677014809,0.9577305704804,0.07232558641344478,0.13205383482740152,0.0018054668466060964,0.39230978099466096,0.2956943685942419,0.38018610130846686,0.22226642852924394,0.9189780950814112,1.0
0.33631423744011735,0.9389801725783503,0.7591318637917999,0.8572627131873267,0.4564120904095845,0.2772514969678752,0.9443090186057649,0.9544902481062615,0.4876362715341801,0.06530587326710846,0.860928402799758,0.2309375307511412,0.6120051041947178,0.09213307861524467,0.8996615575327245,0.5736258944863577,1.0
0.7736508586379467,0.835416364421262,0.15691179038849956,0.515303497584658,0.5274125650423732,0.8055865246356125,0.9875661688629375,0.34722833721601354,0.13420666853836505,0.5468354445965286,0.6449182021740322,0.6218976861200287,0.898979977646116,0.7622685163406779,0.7210928866927953,0.332158481724244,1.0
0.5881685682842768,0.6288711765296933,0.6261905069725244,0.12263545043262536,0.21522739185948914,0.4661595655806434,0.3497374426979998,0.4520000566458213,0.8146475133985207,0.8374144727059617,0.03686641556949932,0.4001313053654211,0.16801169189161547,0.13751138183431066,0.9190678453797616,0.5268310599089511,1.0
0.327216607705169,0.09350133080875944,0.3776578691787006,0.6998815284014925,0.15751509523098017,0.3118818320487329,0.563964845004156,0.5147608090028952,0.6584629863557958,0.5821870846851984,0.5347718961068527,0.4705706277195165,0.6929739579585986,0.4557604957272394,0.001013180007632286,0.608165628099678,1.0
0.6912504534560553,0.039952991861161524,0.8357070599598576,0.6544036179218532,0.5163861676646793,0.2127248403421167,0.3886524528987798,0.7343904843914528,0.16055212140755437,0.1453622646372431,0.07089470588269009,0.21113203558573002,0.08063799541788208,0.41263851342323676,0.7250439467757783,0.5371715935902884,1.0
0.27634557314834085,0.626240051335768,0.12756703087026933,0.9883258613247803,0.4195236745698099,0.8156439402376942,0.20405266941621203,0.9380269844961767,0.5028599980595857,0.07906334889934918,0.1598239081423949,0.45768218474260636,0.4977932048833166,0.0925434287403133,0.8400594792283808,0.916445275778608,1.0
0.15948836589898563,0.1713612210657386,0.4878811054998914,0.062374671250674196,0.5803606839614318,0.22712823729081966,0.38384861563890793,0.20721627057155068,0.27082609048386463,0.4271122682568864,0.6555631374677388,0.1811586907405338,0.7109996736755908,0.5413830953284902,0.11154187625306855,0.1921434666610552,1.0
0.6760944610588261,0.9984681546786781,0.11595298624203221,0.6164294879950208,0.2699914241858318,0.7937264127552528,0.3486722540229229,0.8245861127817584,0.6567790221931776,0.8032662799299621,0.5667914430376699,0.3501783475426834,0.7871254249463326,0.9724845287894357,0.19743058150465675,0.6003211865422092,1.0
0.9977527148955314,0.8000382880629714,0.9304552352690337,0.5108918225601999,0.20672560048137756,0.9441221855859123,0.07602461013677364,0.2847585308888846,0.21266758736076175,0.04022821348242034,0.7193653979522793,0.4982630904240566,0.28298126844203153,0.5926219180781682,0.6715891591594341,0.02380587542124102,1.0
0.629756022364495,0.21412346796329418,0.36079108693181683,0.4084071816786685,0.4451364708930503,0.7196731679415117,0.6842181363032489,0.21623860955077845,0.1421469143465247,0.7602655446753257,0.7575124919692389,0.6382797440938799,0.8376290998455751,0.5456105172544355,0.03322521355691044,0.17894312871728535,1.0
0.2967170926796645,0.5253469291368281,0.15141349314832386,0.22551012585843788,0.1471724296106609,0.8175527335908966,0.5622159156514817,0.7201955181861105,0.6526848936709367,0.04550091467097417,0.26774930334335034,0.4333797632829117,0.6732265680764167,0.19109727130929532,0.9527434950777848,0.8415307013843363,1.0
0.5223548067921512,0.9986018648625803,0.4722337909463843,0.6222811966357639,0.8456640898487041,0.11280353740626203,0.4871469647913468,0.39557369224820993,0.0998323421314049,0.8160812881951162,0.22428869745441116,0.052042878369648826,0.1353734463172287,0.5226160765183073,0.18507089796741616,0.8936844445268527,1.0
0.593992339104328,0.37105289252860474,0.5164109106564295,0.6801465968063176,0.9033113585499654,0.27991462792788924,0.08539618824444084,0.8133344268748639,0.0022196341517142226,0.8947725531297741,0.11024081084007697,0.6533219316038296,0.8374043183312379,0.22444309518220962,0.25856414153504925,0.3611253884089103,1.0
0.06324247764278712,0.0011965378633939094,0.035157556892012276,0.06755334031285043,0.5166738036848066,0.7111341854271271,0.4587484050679924,0.7966187342529973,0.8395643107196342,0.3405972575447819,0.28061178388860264,0.23221372387581496,0.3136628406962916,0.04176336841952988,0.9235640798698881,0.10547095276323915,1.0
0.47407137053821813,0.42747978629236205,0.6201285983559892,0.3827400799101306,0.9340579168543398,0.4042756146455254,0.7854424226293348,0.10332651190658093,0.49473767787849077,0.2935228070612367,0.2961983518109925,0.7904043579870091,0.509302524702865,0.4756217501641191,0.8289477042747062,0.862821578167675,1.0
0.15041423521850827,0.34725427753823324,0.1476246483227649,0.5536511559810507,0.37171103187238974,0.5040233377960348,0.6972808701241133,0.12935510408195083,0.6082052642776491,0.0036016314908411395,0.5782542754861497,0.45394439856934,0.3511024852812732,0.29432238767061036,0.6766724961537075,0.3151566004065115,1.0
0.026034113530800873,0.5578725984351594,0.014875722098488198,0.9668201542340059,0.4600626202217739,0.6609119262751921,0.9555575472725428,0.749516774228474,0.15238672889340366,0.39005393645050335,0.7964729265998352,0.16438803521609335,0.5653650596970363,0.639891443603861,0.23713909866581429,0.41040642919735726,1.0
0.05165789554053202,0.11374550887994506,0.00741947904437712,0.21684702093880326,0.6423549512518386,0.9274854959504513,0.40492023132569877,0.5324534338777395,0.5947922109750381,0.6898575549130576,0.34361364201744116,0.5897231527359301,0.651023624738914,0.7936160172626091,0.20640812503183248,0.9009690880605453,1.0
0.5912376877951286,0.28561691148760937,0.37606039947209713,0.7670213782554752,0.9989977857091492,0.2298363891261367,0.6437761260431585,0.6774082552292718,0.07248871780165578,0.40919846416075534,0.9512073339064478,0.5324303323350189,0.9840846788989193,0.5129193177372187,0.9727460991807181,0.18143554166473763,1.0
0.26459499783574514,0.728681694399503,0.23806983972945994,0.3969074487511979,0.31927823957926826,0.847628189001728,0.3974168953179419,0.9629397815869322,0.6894768593849021,0.9604992224433092,0.028867728819190086,0.7838261851381655,0.982965895621611,0.7064883126075897,0.1634643691607388,0.6962679559408849,1.0
0.43473896846858673,0.9024820749202054,0.7872523976237523,0.7272921669644947,0.9064377511841162,0.6082431740818639,0.5634322970942165,0.36313106675090023,0.3514323503871557,0.3343690164374904,0.3358137082705934,0.47968845163873197,0.9075329350347147,0.5193214153847595,0.5955384787387286,0.44049996583280193,1.0
0.242499482250498,0.5055869512044825,0.7878920093587812,0.2612517028856498,0.8785408686653615,0.23149253168060913,0.005250836577952556,0.3969844127770128,0.1880007074447423,0.7280647948804626,0.5573691351013509,0.922647778494547,0.3803526115855267,0.19041800064141168,0.26023435300412956,0.04954238554660573,1.0
0.26597529387159224,0.6758371906625021,0.31420111915198845,0.5600483924579507,0.21319216768130012,0.8854203385431878,0.9663114547372397,0.30164547097698713,0.0256123657600138,0.3181905976458873,0.1867396692953136,0.993449552535387,0.39751755248340626,0.5479262808960199,0.6731915825004644,0.25020937842927293,1.0
0.2036859894255234,0.22136264688887786,0.7714892545104362,0.0037954709447178825,0.9817362154277965,0.026408598252743665,0.7294547519690897,0.41212042518663494,0.6795829720930512,0.7719651786599734,0.18382579469170512,0.1330477126326779,0.14556352756088198,0.9390133011727678,0.7194946563176464,0.2041187215208572,1.0
0.021449735679656023,0.674740881888992,0.38304176011161994,0.816222345509271,0.9995471457940973,0.35510701707354,0.6912529847905782,0.7881465077648194,0.3696181384245253,0.27924835151359484,0.4197459073454267,0.4977482138444116,0.6330786605099336,0.04604081452690845,0.11695843989108679,0.4529021272518815,1.0
0.8333479572710286,0.11379866972737973,0.855416946550944,0.9205114444499316,0.25253567810548216,0.7681022136624358,0.8026403510586441,0.9299215298034024,0.07522038840291012,0.955155064225331,0.5822403226964251,0.005311591581433128,0.1421254748982409,0.03293014851332843,0.9933884573503207,0.09636429104946864,1.0
0.5855630484635755,0.4547846456730076,0.11476052825657823,0.1348869910509669,0.36119607002049137,0.3557212745346874,0.008158911490367848,0.08164470235065824,0.30465492041959763,0.9390943320484683,0.8913123305068184,0.13904044818623218,0.6938200808638921,0.7184237260762817,0.6540633243557712,0.2256108619122682,1.0
0.062265924379308,0.7429717414806041,0.15646191565453638,0.004879547074809754,0.23986336437539202,0.12790369606803886,0.06513831305395412,0.05981038778441572,0.9259078648832132,0.7282059141225776,0.7032035028206766,0.7775258022706222,0.21543229460196456,0.9798202955815377,0.609160026366389,0.2330063508688981,1.0
0.8372756222676221,0.9773362992820848,0.9046394013498583,0.4619533520508027,0.9380369967900059,0.21826819006336373,0.21970853723639194,0.2573683429457161,0.2521884704223464,0.814817905297262,0.7826746279204521,0.8579678710566845,0.8274906762982488,0.5496491513137437,0.477210060469738,0.14429778224049028,1.0
0.39729629860480553,0.6091864279095496,0.9459327703840317,0.8536851857732352,0.7137770766328666,0.7493092865094627,0.0355732121951724,0.8595675214577138,0.6225769813266244,0.24495384959203104,0.1211516222655954,0.5866695875415177,0.14669358106776453,0.8187207031938951,0.7284250035936627,0.5837523746631966,1.0
0.3695389473625209,0.5045924895244308,0.2385598517633859,0.5975819314896594,0.8566453054807522,0.5389690134958547,0.42527242555530087,0.20585771309399203,0.004988097903318556,0.11068538648637394,0.8179182970120465,0.24536501725298876,0.20327003108231645,0.5826342978575317,0.4786510822776796,0.6547294212907221,1.0
0.8048833127182143,0.6039981125587354,0.0974977131005349,0.9555614928175059,0.3046479825714493,0.5896150217184036,0.17206268915477452,0.7605764059082464,0.7208834068146651,0.5075810076421816,0.8558031106886863,0.6878604737498849,0.926250586273708,0.8225393305770619,0.013192613060741931,0.15296946147086465,1.0
0.43888931911704065,0.6428076677210309,0.4057249113027377,0.6989701424819925,0.5052515725851924,0.0044188922200480985,0.1098731104370082,0.040735120659466606,0.8961724543141191,0.8974311901735055,0.20230455104349987,0.5449925445872662,0.3662179728399193,0.8494927696635614,0.5698101759849893,0.18869261404524607,1.0
0.9812139501997418,0.9537053724795931,0.44377249816517317,0.060351447809402936,0.1567051043596397,0.10704593826546616,0.6661113788028039,0.8685263848420308,0.8179249514188933,0.22059365708542822,0.4875542769264012,0.8797090803594858,0.532029356296976,0.023251959069262806,0.10407356242981425,0.049431471087287515,1.0
0.820617380336337,0.6084158336358537,0.47332595381129805,0.08273073172072354,0.9165444369273213,0.5312574223264828,0.9777610478943523,0.3895175870684092,0.404045736470115,0.5293775562659445,0.23436352812080719,0.09835658078176812,0.47734276037840784,0.35607358695035685,0.858967275654102,0.635880367439442,1.0
0.7321275697493208,0.12710951226346434,0.8748552256613116,0.9140478818903224,0.9718227844045965,0.9105822180441235,0.9922548314322457,0.032948860715118045,0.9396100844618818,0.29726542487745444,0.583207430642391,0.5586495362418611,0.7637312017762724,0.5978592619220735,0.7194916290628,0.2830897279386324,1.0
0.4047106616813485,0.03765819780880941,0.03434561375596312,0.3292377465964176,0.43639130173106844,0.3893711922383225,0.4585582430771765,0.8759328906159126,0.9477859736338163,0.1578278445693706,0.867072190137041,0.3604025497207528,0.896133700831609,0.7019858954374399,0.08250007845526341,0.025596754008540668,1.0
0.5376892098588748,0.2987395809779886,0.6251959841047591,0.4374653924857087,0.9353642285496346,0.9907529507062935,0.45557071105104585,0.46388123848140694,0.21951836553092174,0.21056640468321108,0.0733759825461836,0.1939924357356071,0.7643549493530464,0.5743645318814296,0.7384851283152617,0.9216275849824277,1.0
0.7800350381115035,0.876493302523485,0.22718485441939484,0.20419179922505692,0.3354469983882997,0.3375696240285848,0.0055311641877170414,0.6841415064979218,0.9065852678824754,0.049049530198680635,0.5783301858240246,0.7255597862497953,0.7506955800831706,0.5023427442799088,0.6437000890022001,0.5815094927619989,1.0
0.05711130320208557,0.023168947449958344,0.2896767462641756,0.7638364836045827,0.25519668624628467,0.29011413651039186,0.1501396632118629,0.9331890042323182,0.9344506738762677,0.7052747691283735,0.4684452113434032,0.42509061955858496,0.46557525473486905,0.13222988738692443,0.5396075269236723,0.6209834966422748,1.0
0.05961076821490552,0.7425635842929317,0.47321919925540956,0.7904071072544958,0.09707563511287676,0.6432802548041718,0.8161188221839033,0.034753169140667395,0.07924430015519435,0.9990161298610637,0.8825600555840835,0.9486700841625627,0.16880094477300422,0.2616276155203885,0.2063750703967444,0.6908794053560743,1.0
0.30128662138048534,0.9679250592908597,0.5053672821708735,0.26392359672287935,0.6956349238056593,0.4751394342023898,0.8155401727403864,0.3891118858039694,0.12768885264679497,0.7342876569545222,0.34181500912104046,0.12665982806210152,0.7874882044822862,0.15740214729421909,0.8947136477823963,0.04337102312926777,1.0
0.7918951401696116,0.7088505286177154,0.49101411595046207,0.319496153747839,0.8869196586413921,0.6937977248169459,0.15816585649076742,0.06686785567867226,0.8838441463617696,0.9434369943324448,0.7481196877139719,0.962889727179876,0.34862828636203713,0.5202605964437188,0.5362576598458446,0.08501279064550371,1.0
0.13398212460584402,0.19853979636215024,0.009362771434044626,0.3993533217042714,0.32645911234461433,0.2600698155759288,0.6135730069941311,0.42771574579356963,0.6298160868371686,0.7382309948255474,0.7677605921884054,0.4835073510828085,0.16947485879837354,0.042320272617312304,0.6160464167528978,0.6093631016902746,1.0
0.35734693255958805,0.6017276471698734,0.8199711305466282,0.24375821760405225,0.13104054962138567,0.31429132748444233,0.5052228628558472,0.4801319881647602,0.6760639468808086,0.35453794350565015,0.7716602295746807,0.4446823500296,0.9659953454052973,0.9630216429599994,0.6041651647082852,0.037773220962737386,1.0
0.4524764463497931,0.31810552680582593,0.22324003307957274,0.6878147679944822,0.29839263972654795,0.6207746946055018,0.08991733277233227,0.18694453246849374,0.7460748520285532,0.6977924090912148,0.2754943692723705,0.7795155991450936,0.8008434222153031,0.38435048700345686,0.5001917344463519,0.96137440747527,1.0
0.06904061220598368,0.3942156805280089,0.37139971778275405,0.07690975035666692,0.26124354058024,0.06784367515594059,0.3495386782821873,0.9900895219241623,0.8572168239293272,0.3707720168124877,0.43327139095328504,0.6618785650906527,0.8439960914908947,0.3183078045887847,0.1563179230024756,0.17182596816473694,2.0
0.30065468132482565,0.6921198802046079,0.8198767080064309,0.8127473322207215,0.8280512323434562,0.48949878936283775,0.8814838810628173,0.7148201939035086,0.9243261262492022,0.41006002314814205,0.11430906336565516,0.8064470238354446,0.45370507201456567,0.3876359915865978,0.8826730059417235,0.49567128518886583,2.0
0.3466337543886555,0.2670859728202717,0.7449749944531706,0.7795244693012905,0.38549697351218015,0.5451882297824298,0.44902886675095754,0.9822858849418703,0.6231205450379663,0.7471217736887537,0.6196256609089437,0.41041398641968097,0.46293994854094633,0.8529485112239714,0.5946940494633393,0.4000745809325086,2.0
0.12369376227742768,0.39073922263505645,0.37266411693173296,0.8141898696538752,0.31933960904113534,0.26822974716692205,0.27340871156639523,0.625133284226316,0.16595438436732945,0.7113676199449089,0.7255174484572438,0.5915557260103597,0.1740071791013612,0.5937980247391739,0.11833129516679552,0.9567373989777478,2.0
0.6195191063349936,0.6448684268924154,0.08422029025318067,0.6689757062873246,0.6391250200845432,0.7244037971030731,0.9941560712255236,0.10396543486517118,0.2569527857710675,0.6458177286301985,0.6191597519998188,0.6906915111140409,0.8255628512248713,0.03716482535982857,0.058408916499160135,0.18681520746623526,2.0
0.9308604590165271,0.11087844850015893,0.5771013127022755,0.8027273833215178,0.2096743243088206,0.2720764317899518,0.6368520201204084,0.7830548570200456,0.9799696456941023,0.5704737695040359,0.4785713579319171,0.9643933698188776,0.9338231577671131,0.800688188081568,0.6184717542817993,0.11221092919888187,2.0
0.2836069407083135,0.7743495439076347,0.9604006315800537,0.9540066418634563,0.22631219896208088,0.7756289102646708,0.019553381505362233,0.53181949523621,0.22925184761771322,0.49601633160351466,0.13243285211976352,0.35196410061046923,0.27330511949232983,0.09871667178729171,0.12647926763434914,0.4719210995936216,2.0
0.08262178869695302,0.9691005860234373,0.12997260486979934,0.12415372784905987,0.5401914689694377,0.2468106191044689,0.026429934243840325,0.8823566684134048,0.9103631357803079,0.4424535329649114,0.8644230049686861,0.642262769513973,0.10520703033002565,0.1628859088279655,0.12662282987570983,0.5253327645633833,2.0
0.5038657932087109,0.1757265358924487,0.539868601777436,0.8720934923372813,0.43642341717503197,0.8951066964452667,0.8261579493148778,0.4538262840527896,0.9110270711700936,0.08604576247400286,0.8893908176890127,0.8200277293892384,0.12240300548414784,0.16761941575518524,0.40878650994322185,0.868537850195449,2.0
0.6376305297393633,0.858622241773378,0.40305652290252447,0.29182809582324654,0.6690527862567984,0.6707004269586232,0.3970748618300224,0.028013402532826026,0.5520505020683097,0.9014828233992914,0.7687987864037782,0.492238528019441,0.35901728997577453,0.01052034553404968,0.1635742226824558,0.1262195744283412,2.0
0.9447968973879012,0.1349566464231754,0.3788277765890016,0.1462725012888808,0.9334802249921924,0.7222343313220905,0.1886567938383008,0.508898239667945,0.1939313825912654,0.99936641674966,0.12592792465751967,0.27236824394701664,0.49492839620740503,0.8538666787949243,0.47891840963138754,0.06455541916542518,2.0
0.49197362444501425,0.5419330962867411,0.01611473820052578,0.5692789588735003,0.1796141672877576,0.8659482475025461,0.051630331000639185,0.9611896907564708,0.06657273852888312,0.7068489209277129,0.7066822969850685,0.08372743027476137,0.6747676334103003,0.6463940656785162,0.2793053634510948,0.45700420655747953,2.0
0.8215985810919426,0.549535798981763,0.17593998457240945,0.8980970830791967,0.52575417477436,0.005825199540602233,0.38732138888664214,0.44903065316391433,0.41104770921185774,0.7321654244579813,0.9752419591278265,0.3191459068532657,0.9625598454578796,0.9331580966030537,0.12945365437663403,0.3825966439190255,2.0
0.7330374686459602,0.8782933081169202,0.4904851379810994,0.20558077469166158,0.9124459197812781,0.4171373260069752,0.1623158603971806,0.7307069354019927,0.3610637510745447,0.1737971400475976,0.7624630403983287,0.5547960717595105,0.48416124009119077,0.08598120527114639,0.009197597327450291,0.11455742374367772,2.0
0.4993637941663537,0.3675792889168813,0.5869102465045285,0.5755579514224989,0.19322674461764,0.8104536153779583,0.08076667786385938,0.750959011498246,0.745407852487482,0.01231329383887958,0.33197861937288087,0.39450541158270214,0.22013469765009686,0.03533103257789427,0.3079464702518181,0.13301448024562645,2.0
0.5325129824875516,0.19232831974167486,0.3248219912773649,0.6828559267721424,0.22864175517805763,0.2704631696645914,0.04265795320042831,0.20501170942662883,0.08719128666426745,0.2999016830077099,0.9070639403248143,0.45325022850539365,0.12702356240344237,0.37946499171654724,0.2612971193369811,0.7300923305260669,2.0
0.9329412385566165,0.3407192559052111,0.8764038088351216,0.7014863048194011,0.8473194840496792,0.13598830325688072,0.9098025990380729,0.2738249625698109,0.9822971280018761,0.5412927109250958,0.6306431852864357,0.5777264198141123,0.280307629975343,0.9294392919715141,0.3550410926763812,0.4326074634565473,2.0
0.8517976874786537,0.30279053898721675,0.04584051336945982,0.12908433545232945,0.19846717961727756,0.08308167162649849,0.9543081133226942,0.011317428410094865,0.5613779748880905,0.5201787770863228,0.14481858096958666,0.5090492062125485,0.8425971552935674,0.436799981451241,0.04483595305284205,0.7082525038366055,2.0
0.4627150346239399,0.11688280336540668,0.5332531993223215,0.40101465163140204,0.02928385202248618,0.852515226700009,0.4488123355511414,0.250853780575485,0.287600389063132,0.8492733306370782,0.21751986774782783,0.1623253451322788,0.04497735065247599,0.44885721726374106,0.2921029720581093,0.5107163692602594,2.0
0.6117844920468234,0.6088552119458088,0.3333727622721513,0.5145119749227525,0.11302382980859726,0.06104172522002471,0.4001369442972639,0.16059262135562324,0.31171525323510607,0.10320050331976882,0.27959416488209177,0.4297331210267997,0.18886200305517253,0.08958557861913963,0.7920733906595243,0.19613346498206707,2.0
0.03764519628371299,0.8101012442129832,0.7493836619872574,0.8828068263600926,0.8766496677007332,0.038232273749216894,0.541186619855096,0.32229421740725184,0.22776138680242575,0.9530045738558852,0.6931940405736154,0.24725492905789948,0.9438123646449725,0.2918964065787709,0.8148748790386454,0.9577647200851017,2.0
0.7614539694091077,0.5043835558404655,0.9601719305862743,0.008166948722340694,0.6002864846466381,0.9927666246233596,0.7359282636168217,0.5856997170082251,0.5687964783934136,0.4401297226372499,0.727994143893762,0.1637480898083472,0.923812765647338,0.04629501556956517,0.9879094997769732,0.09956859692861275,2.0
0.9075765059323485,0.371768275994687,0.8781928779669785,0.023676754169975944,0.6999915432716453,0.8538711406394285,0.81026302625885,0.155833264992574,0.901774050286835,0.9322356042529435,0.40381741410595096,0.21365907131130824,0.3775479536633355,0.2877952855689746,0.8460789959501753,0.5681021129259572,2.0
0.3068115923046162,0.9148563618383698,0.8386229187952666,0.3682896913957773,0.8324333854460102,0.3231437738549451,0.569096478195466,0.9666250017268643,0.06898145867967953,0.37242843968625017,0.07399290635843059,0.6855933369447468,0.20118430623738837,0.14091427917316635,0.8089216557102462,0.4421882431817984,2.0
0.6556536978888993,0.6022203667992734,0.696143524148385,0.9743607020173127,0.07434158522327361,0.9228348184981624,0.13893900400927928,0.787161051282223,0.19907945731565835,0.4813597455335289,0.6235810854812959,0.32548220293684316,0.24784413347940437,0.12121120395344842,0.0495779779001877,0.3758084651269874,2.0
0.4850453181698059,0.19423804014920842,0.0322273695732016,0.10589553106644545,0.6784821129863706,0.9566499062778273,0.10746917142866563,0.7064802548811417,0.9551660027020934,0.5207949936466564,0.39382573927641773,0.9433878801216532,0.2892911878221913,0.5825492490790539,0.1517316365513176,0.0745663677478261,2.0
0.2774838682317765,0.11248019348152805,0.0681299158983989,0.4984411502419218,0.8609418800095481,0.01677661758106952,0.884388398806819,0.5518251696703219,0.3696282657121326,0.22514293224518234,0.7013303695398643,0.6387614163556488,0.041242846762145846,0.3782216066523315,0.015098525541686336,0.08753662090172343,2.0
0.9831042507852715,0.9477128193514495,0.7084822778787817,0.6872578187600704,0.06928926039917371,0.7127672743432786,0.6231133993501822,0.8993704831714053,0.10752513315598988,0.6747039819751118,0.44416896520652427,0.881092955239943,0.036400952061204306,0.5247858440071662,0.32133306178427357,0.2432788193685297,2.0
0.4471178259134414,0.5745062669357677,0.08138179149374847,0.815726304051294,0.11732583830857835,0.9669265499561277,0.8997843209646209,0.09231659746599574,0.8771785187267125,0.8597963517200377,0.6582177220086677,0.4682698867708338,0.4921256662601845,0.9110610752827831,0.4543635432692521,0.9540573848258227,2.0
0.41312966504049253,0.6396798026052146,0.9469445346948147,0.03588383951975416,0.5531106030009533,0.7315055971929993,0.12050413231442747,0.0021638601223098464,0.2521443216412501,0.6380631606519566,0.5427055941046529,0.10585636517519614,0.8385691682497305,0.42652973737249156,0.5487504713998821,0.5321756787218215,2.0
0.1979874508521533,0.14539221520133983,0.6357975218021932,0.8522857001235499,0.15337526892108766,0.9895945793787436,0.9024758345658199,0.39367033568967813,0.9488792284799389,0.6434846708186086,0.9257601927191234,0.21919307300955382,0.333587331191451,0.17565906272533738,0.7197926605081921,0.09599681162154461,2.0
0.9700105809497458,0.13983546741058073,0.16088441221150218,0.27862076821032444,0.027169296532266962,0.8713473847258469,0.6327847268569616,0.03222728481141879,0.5650459891882138,0.017104819722039033,0.4341384923397995,0.8403631420365975,0.19195537859618517,0.3535106937050503,0.6134286306451773,0.9850250563316603,2.0
0.0950021084180257,0.7469088529605646,0.3285872948761368,0.6207910086384056,0.2389595489134797,0.6000550772645782,0.3008064580011428,0.20331911931437507,0.19952738183633456,0.5818513326115717,0.20660938683093877,0.6687350470489356,0.1674721025462489,0.7981412160861489,0.40120698963917634,0.0008703015158527672,2.0
0.8298618341224715,0.05102818839125023,0.5072028369643049,0.09552265927429515,0.18778251108911603,0.0009686253119991495,0.008629179981645363,0.5469288873469009,0.8781084884999865,0.585391913431432,0.03977771927200069,0.7798854076925298,0.175945988542485,0.26564592936117604,0.0329810107229811,0.2514350219331185,2.0
0.3634605013882516,0.07940322888885576,0.9073786881638227,0.8918329542795879,0.512397619237429,0.7071051551393643,0.46396193790728335,0.7955414522596826,0.1514210863115968,0.21569174146522763,0.9496592801612735,0.8412218658579367,0.02703203849043989,0.21637240764824806,0.9693741923957182,0.6676451092152146,2.0
0.26008137994182,0.4163185669762709,0.39586583408943876,0.13264223397897335,0.9570686114283041,0.5512913433716332,0.382224104212496,0.3292956531058191,0.2859767205920005,0.9455052207316343,0.6489957031762391,0.04074456339150101,0.41626197503261275,0.2197060971256386,0.21896562579528267,0.2472146785136765,2.0
0.43606295466929135,0.47267913746009627,0.29841312267933695,0.5288600845613042,0.9438381754014885,0.9712588869869271,0.9741732667393923,0.47732512318369136,0.27967912294077246,0.6044937030520104,0.9898081063765142,0.8498922199716684,0.829025526656654,0.730348682131692,0.4874500034624991,0.09889076697413302,2.0
0.7675587850540553,0.7002417180391024,0.3982190276864116,0.27058112199722006,0.49407076135964745,0.7865087683390514,0.8776694477107911,0.7962451509911503,0.7364133589714027,0.19228468212964622,0.974522840839334,0.18460593350939913,0.005185265668160466,0.9480315721223038,0.2379654373307959,0.44573351842450437,2.0
0.962835194559621,0.4780509882121926,0.7759124308531792,0.31207837301945895,0.6962096849106622,0.21852846329021236,0.21115407868802305,0.1143095097865302,0.039617639274466265,0.263541532784468,0.07406380223622666,0.7509293967245653,0.514952581757218,0.275760829698973,0.7545364714124626,0.042729419241209654,2.0
0.9105574658221172,0.5593465859520526,0.695301892516025,0.48494897892112576,0.5947783782836766,0.9482258220283594,0.9460671057454038,0.6900321956683871,0.678550622732483,0.32139917268250096,0.4744290623646168,0.5778475759050539,0.9742261195391039,0.05006853199531858,0.0893440428188379,0.18969759149266763,2.0
0.9796160351720857,0.4026928027991915,0.889421531443644,0.2534515556713399,0.1334820130794805,0.2192164984114674,0.26068135039844875,0.11361204403388647,0.5887052872562509,0.7308131605005538,0.6690207745428691,0.42046585009460347,0.7367034769119893,0.2762933499279995,0.7621042687840291,0.5449331170414445,2.0
0.6907645239713833,0.3219043482994687,0.5196429741257363,0.9134304986100528,0.72512861456179,0.6906077663077779,0.5907972599986778,0.7151664671709761,0.11608156935741931,0.10857806585733532,0.3140355793039924,0.7991245660761144,0.8612343941308436,0.9647387776520727,0.46091824177344665,0.5630512633963564,2.0
0.9415176938097005,0.6033282382355811,0.7645623636838861,0.09689403346051795,0.8210596731646291,0.007800930198861966,0.08941516183181386,0.3161532099177813,0.7448387097909286,0.5104089455938924,0.7545302471532306,0.5193581511421171,0.9714713381197281,0.4283059545237792,0.05958104780010032,0.8445773427161712,2.0
0.11938457248782597,0.058341887264612535,0.4620413458107765,0.2351132616026631,0.3786790035824289,0.4393706475451443,0.1390299184734387,0.044756601736380075,0.061024704688964704,0.1354423961292779,0.3708038886973499,0.7825351633358821,0.1066289638874971,0.5800195435967215,0.9880346216602498,0.7547777512146824,2.0
0.24247936466098463,0.08760439169183964,0.9764953543407066,0.9379615023985408,0.20834527672235192,0.45784230078884003,0.029076491252747694,0.3181928537094679,0.6343650681179945,0.8787730679181175,0.51890416063398,0.6501608187198045,0.7543642674701788,0.7211196356733836,0.5195927903554564,0.15194998903509027,2.0
0.06082217642956178,0.9610976096999754,0.5357046513631226,0.6622655148469745,0.07475263381284658,0.8425420063585368,0.6975955501896908,0.0631492471908186,0.3614205491598983,0.22145556890520512,0.5523566971554765,0.11998627927940841,0.6339157133885444,0.4690302941486171,0.3537229920819731,0.46410060742316295,2.0
0.08477413498276076,0.44779578119746744,0.8420593360907902,0.776993680524816,0.9096681949856347,0.4741492779896159,0.9978778648062228,0.2672662221859816,0.09733782092935295,0.38907000243563206,0.18466070324104933,0.01843786799060365,0.5083088861135481,0.7232007155336465,0.04819562337999228,0.02105933524613235,2.0
0.5878826927659928,0.499136050158383,0.0012309168342298227,0.5975966851053768,0.0691767311213719,0.3274984017486223,0.6380107967834873,0.9596578433252303,0.6507241492117033,0.25114876177782464,0.23069257951168531,0.9872818760428702,0.10448612045608463,0.763674484934029,0.9453405913541315,0.7036529407693578,2.0
0.8801059672538893,0.7364724496313485,0.39238078968796497,0.02837566516630108,0.38623852107629963,0.8015366992355396,0.6029411573603767,0.7133895594192239,0.10011038820265827,0.7032986773118849,0.40747798434428617,0.7230655215777654,0.3422409771566066,0.49255278971512406,0.5709821642950162,0.3449458713277681,2.0
0.7325581678229911,0.881516097530374,0.5888795558509573,0.7536570750470692,0.7814587816100823,0.9113944409324782,0.7641126237821675,0.7547260593209444,0.4315157578323343,0.975992803463486,0.2278027198483531,0.6084675880866129,0.7367774679903443,0.12356040214108177,0.694590208300026,0.7166015807316661,2.0
0.3399374918652177,0.5480585786842992,0.6574525859412422,0.0874864819168284,0.9220800996895361,0.5953527787982881,0.8827235014943309,0.8111572422428391,0.18244995533409047,0.9833259400198515,0.28254958819822473,0.8705423447620018,0.14324162887524505,0.5415915393861038,0.4382957424274804,0.7102249115189945,3.0
0.3103462140336003,0.5368909357441679,0.45533407699735007,0.8309911177854724,0.8591492960446606,0.5240516827988504,0.6179092982568866,0.7787439767766398,0.19625096002942732,0.8707230856282681,0.6441807006638256,0.5693529681634455,0.008389948419129323,0.4747214921470263,0.0423809898879387,0.05841565172904106,3.0
0.28704670419530387,0.29002014718995694,0.1465026025319206,0.24694028652710753,0.6834155499454478,0.32646895670502374,0.7356536483914531,0.6459068837011174,0.1728108184417948,0.7878829072371306,0.7689146443738738,0.5782992552759935,0.767516583962322,0.37412190611861407,0.5173465529268501,0.0010766031601721071,3.0
0.8068250070294956,0.9649070202543626,0.8883226748838594,0.39974045369337463,0.18962251433336863,0.3171638087656916,0.737004941421931,0.15286393011203814,0.029639686956865807,0.8426031929175101,0.4450799737791318,0.41077398268298626,0.9590469592294268,0.030847494258000263,0.7659701822782206,0.8298422920972547,3.0
0.8684081269474586,0.42832463831324774,0.8715570589817789,0.33891158982428427,0.8339203692626982,0.9006748070339738,0.4782150414953019,0.11858621285005777,0.4095093117382602,0.47635273172057246,0.9693698252751395,0.5148444220797264,0.5867216104747848,0.42010548263456515,0.5970820718357708,0.3396714578027198,3.0
0.14283694165945726,0.6933641644000205,0.4862627668357583,0.5798493767215714,0.9860297443102579,0.2305926194779898,0.4353744973314657,0.49412319585998477,0.27248850578660255,0.9620330412694031,0.750747932234755,0.8103402642881388,0.5211387271363154,0.5374141499685517,0.16619179866265754,0.7701509898204811,3.0
0.8338261584508265,0.45203378443549236,0.03906461501523739,0.6932325427210433,0.28032512900494067,0.8671187611149331,0.9408585774790281,0.48450652957197526,0.5371756326571672,0.5445550660259995,0.077258253743695,0.25279347587297707,0.11007691768654015,0.6294924588227793,0.6160963096387894,0.2876682447023772,3.0
0.24141966042199514,0.11145265836055396,0.2989673980324907,0.3121216867950931,0.9480830379476772,0.44275714903404406,0.8568670244814538,0.13178363551972905,0.023387472193099557,0.00543087186891833,0.8818108991397867,0.4454260790899187,0.5426290151962406,0.43073400333306233,0.22980163400733855,0.5139697904590317,3.0
0.4968251704719331,0.9156255227383254,0.30237774413160845,0.25255086276693695,0.48866872445148435,0.5911563132958466,0.721657350785837,0.42300789481660095,0.48995064152396106,0.6277617109241002,0.4129519352631549,0.46574155219459423,0.9088111666720592,0.75856348687712,0.30450015076259584,0.18673901397762427,3.0
0.4489038978103548,0.7679131758188826,0.24039142312920803,0.2989772228035469,0.20082070636753002,0.018888103615573915,0.5470788376199843,0.3356982845190811,0.7544608968994556,0.7928517341082109,0.022785295561192687,0.14167361868425754,0.6858763424637797,0.7407547820844941,0.7141535937589243,0.6697150009115932,3.0
0.3651352825498769,0.2739287297590085,0.1835442658066243,0.7601990494005609,0.8585497578305823,0.26828662561683814,0.2303536133125449,0.9840987536547213,0.8539874737858653,0.4346879982639775,0.5154037387787287,0.5383980608162635,0.6739247993413271,0.27513672636937603,0.9201274593613737,0.08981796859082791,3.0
0.6430199999363363,0.30288430670562383,0.7835524262522731,0.7968483245951646,0.24809163536437873,0.5209171305135744,0.39779004088444203,0.371551304127429,0.06189527867339939,0.11121637403359197,0.4648375166900991,0.7759801484463109,0.9405408029448417,0.43983568578122445,0.15650065883671926,0.7285111140710712,3.0
0.8718029269980203,0.47458715540622887,0.45623670890586987,0.8144534186049418,0.5434916791640843,0.006742241803244897,0.7796668652203814,0.8325970465474355,0.9620416037130597,0.35827876742756826,0.42943653214715993,0.30508238292859724,0.9152648088336544,0.3317053762624669,0.2673365132071752,0.691014450700248,3.0
0.6481639938939738,0.5607527102858614,0.4911496539590515,0.4963243969761215,0.2851570930806261,0.7152887631527862,0.9586890755518452,0.9228381944129648,0.22187505022714116,0.006608504366134471,0.0475722301287016,0.6918848622394744,0.608800694483912,0.23267877767485445,0.28890636067921127,0.2601844931628209,3.0
0.4453705456522198,0.8464034927539098,0.7035767830504909,0.2180240593965077,0.9885461016925785,0.17985431749296865,0.9687853049956923,0.018782503757481694,0.08831920858325848,0.048751020468296935,0.1615532604565052,0.03793687531726564,0.5389061393523019,0.17452042481934704,0.12663326811903308,0.12856235060962706,3.0
0.236388222894943,0.8182166148540789,0.48480733688406297,0.8420386175501204,0.7627895157231953,0.28097317476556105,0.3062855779455731,0.845134772687369,0.6879526609915845,0.2429766168442159,0.2643207649244633,0.9894605836786312,0.6209129400321041,0.9048816626780241,0.22542995187984516,0.9594465265239933,3.0
0.6765287654188282,0.2590858376251115,0.936686891757132,0.7390199310891943,0.42785474514905586,0.43438567382362103,0.209918813109655,0.9843173636373326,0.39813522030975135,0.0023071036102209064,0.1077041702993139,0.8661894157049117,0.7082213184825621,0.3746644784919384,0.304754573531939,0.7515936382455702,3.0
0.990283525179444,0.6563194248212106,0.9324834477159252,0.011035259557527488,0.516966207106978,0.6911978163555512,0.3687083878716343,0.4688485700535817,0.8319620302834586,0.8725122963046175,0.1306722824323533,0.056553800227844175,0.17032559570806471,0.13916398006600783,0.08402846392149288,0.5179463696490223,3.0
0.004869133411587567,0.12198385321177019,0.3333829861200406,0.581905394662609,0.6392580957491543,0.8666551640861001,0.05940332269250992,0.9752102987530562,0.6393712262257781,0.0809321276541598,0.25837308273308124,0.4184511839526468,0.33933035858460425,0.6086268459534845,0.4620630917558979,0.09411028987842429,3.0
0.8607084762080678,0.6817991809801074,0.2649599596135298,0.05210260513219511,0.31326117437049483,0.16019484190694722,0.5810567345184376,0.011863375515343222,0.005966399198764627,0.5977120765255838,0.308705203125223,0.3094249605239766,0.1001262597908883,0.9162602883240173,0.44145584626133094,0.1871160348761206,3.0
0.9516125238951161,0.9050103560512324,0.6457082870434765,0.7010158833317445,0.6257852869462055,0.010844021577785634,0.4825340445411539,0.3131455276097834,0.5187425489095483,0.6628867783038189,0.9254101794683972,0.010784557223977642,0.1430663677817996,0.9059812499255266,0.23234544754280173,0.36182135776017643,3.0
0.22923758917619663,0.9804178865341419,0.34931861752216753,0.5030142035742682,0.9371609113301799,0.7180396953852651,0.31225982231574445,0.3016686789039198,0.5407668729216636,0.621157037797126,0.1092728238272771,0.1320447309735565,0.6214438033082785,0.6491464170826992,0.498023940803884,0.005660991678750116,3.0
0.3022691326838629,0.6338232775256148,0.4451559622786053,0.7578767441566849,0.6047053861781998,0.6855678909116973,0.8859399434055051,0.20844344610048127,0.5412532012460267,0.09294265383820466,0.09676839254179503,0.8194953212818348,0.8072430126869702,0.8622286554078534,0.419656446822796,0.16460189009499726,3.0
0.4849769491046283,0.17113601418835656,0.31143044977784395,0.49197432730243806,0.05561779031285696,0.5109464824552705,0.7290813834517342,0.684103127434413,0.20867918840415223,0.9010410454146603,0.006615655875641169,0.41481946841133877,0.14731856561000922,0.9168942162532733,0.18022175265293228,0.3718575506019619,3.0
0.5215070387979811,0.8657000133923152,0.5120621547537454,0.8874541789652406,0.5884757291849899,0.5318710494541246,0.25272716295480935,0.6803527346862966,0.057279100517955595,0.8138264602280931,0.0949026340441631,0.29202691824625404,0.353779889209882,0.43806183692570155,0.45098207808743596,0.3051379288718238,3.0
0.3826722447182107,0.39246687602674146,0.7683817684676646,0.26037991662016247,0.7346680826919221,0.813411447620656,0.725332825149114,0.43041897985235134,0.09634328110581358,0.11060383118484463,0.5181529497256139,0.2121511171981314,0.5136126554953399,0.6973695383577716,0.40389873765526674,0.17568696357042735,3.0
0.4425506797791585,0.3492513123350368,0.993004814611345,0.687299778081765,0.2560062680189996,0.6694359071557736,0.1777054702745543,0.4469948967736268,0.11519485741363533,0.5884348403755855,0.46221089164232965,0.0748710898090903,0.2232882130390611,0.17709752637396114,0.8192291177793412,0.38235005687472534,3.0
0.7181661014838276,0.6153643771027066,0.7382405784200209,0.20014279410499924,0.817527130488167,0.4574268524900199,0.16712363485604664,0.6020565740484795,0.5662289424361576,0.052569983371379525,0.7774577497979486,0.07119639633487251,0.4389231767514481,0.5346955553734296,0.8014540303257486,0.7839165969043561,3.0
0.8490050818622302,0.26705653365373494,0.26757870412298945,0.19581608164383513,0.7529883934910923,0.507928655347381,0.08023238266435129,0.4205511095296377,0.16895127309717017,0.26808044474727766,0.6362714610947671,0.5443659640663858,0.9634523411582128,0.04565943322696886,0.9894452631986054,0.9934052499201111,3.0
0.5069407623027553,0.9524951679961696,0.15590913346374113,0.8906348691237536,0.7691310465374444,0.1126879333384404,0.7056571206496547,0.931013342208311,0.9657226018722057,0.18293529505172945,0.20647817271896074,0.2760341837222414,0.4306560931288528,0.6214428471250162,0.6247095423042848,0.7542041070460129,3.0
0.9828699526627744,0.531695279293602,0.19539054881299422,0.5249008097181318,0.2483915865076327,0.25074114042376816,0.41415065402683016,0.017360763297054937,0.7101078096768102,0.9205123908858862,0.8733823550852078,0.3203479785965332,0.15848914671253078,0.5702448541703375,0.8312844310489815,0.6907215241365895,3.0
0.5653395780154366,0.9013228420794229,0.3975150838867141,0.7409446906809792,0.5692383435644268,0.5619435127721072,0.7257015640232916,0.1800141409274817,0.3444509101289366,0.6602961466286114,0.020414293364087066,0.23521123872126726,0.11002385485888877,0.861063196059677,0.781680159720154,0.7231209778288186,3.0
0.48084444537273674,0.9072770048725461,0.39554600765947334,0.6751426608933143,0.36586224658850597,0.8169157790516257,0.6258778026227032,0.9034603148272237,0.40841674366759495,0.06512962044929882,0.5696712185188301,0.931954556478979,0.8676875506974452,0.8943359941114752,0.9067108790621339,0.6945036503975599,3.0
0.9108694134187617,0.07655227679389665,0.4436541248905199,0.2839286047096241,0.7923429068025247,0.07745807695216034,0.9489501093796391,0.20899231666437457,0.8247474826130944,0.5187621404902026,0.4467027740911149,0.4464922813003743,0.4848606175981872,0.6462657139904122,0.37775713216381834,0.8857072621061162,3.0
0.16815863531501263,0.8194055650866581,0.1577001418555568,0.2472527238944029,0.4000906829780446,0.4262872292457257,0.19178448690134264,0.22962266027458833,0.13559270990836514,0.861418657426346,0.2687499503745029,0.10310345059491066,0.8628615140538772,0.8614172575367877,0.1221854688341516,0.19324158031074468,3.0
0.2507961917544902,0.5783319059229477,0.8817469635792612,0.6181279848877189,0.920906604984223,0.25361792627007884,0.8267354329725004,0.8373770613012216,0.6052735555036789,0.8265506084839322,0.8159492518727903,0.8176285590023422,0.21358066474988924,0.5497592903118689,0.9665201242229206,0.8528997407867255,3.0
0.9245144487985849,0.06658640004931404,0.8294148099684504,0.5111283486449908,0.14617513130895343,0.9915458605497671,0.8373788137981572,0.566961249694801,0.34820222604658835,0.1448969056235112,0.8252881225680225,0.023797382759901953,0.5108293502352761,0.9084639427972028,0.34207396423784453,0.28898607734922677,3.0
0.48604092921436826,0.10034362301278232,0.02721358585653144,0.06503391037865691,0.26946520172068245,0.796651419493646,0.9943549752055215,0.3098771977290049,0.7252260554121281,0.8165073108790074,0.32541609018427653,0.22151868500718708,0.018854965035154936,0.28764263283636926,0.8761164580148054,0.8085629596133297,3.0
0.8741392681148709,0.7237439953956737,0.39112722291095603,0.8060085256871647,0.8457832639789026,0.4583826487438327,0.2513767549464253,0.12834263733799045,0.23624626074879562,0.22114078443586616,0.34258285925671617,0.8134861161187068,0.5528911032831942,0.13384092106902012,0.9095260748508832,0.9803346875841931,3.0
0.82835399786694,0.10526252127179858,0.9270592387166189,0.7459823058182915,0.07855169775858473,0.9421375785073319,0.9016061610309909,0.011170709937344259,0.9106210800924851,0.31477777602917023,0.5943790637944119,0.09049213822228441,0.677048945253077,0.10699473076883703,0.8644324773167731,0.13696850473956346,3.0
0.2726025426482821,0.17689275268354,0.13088446222790284,0.3911442120480292,0.7463339650239912,0.7594992743988942,0.5207264931335253,0.6225770115405447,0.9031716707483186,0.4791303704582023,0.9658802144009562,0.25930192080548053,0.2857565001349902,0.6980722310046606,0.2140963789667284,0.01256300099195573,3.0
0.1628675187518427,0.8922232128942026,0.34643003305809583,0.37449053054841175,0.4137906858771705,0.6002180617500007,0.4350446415790009,0.6587965507490725,0.9873493101941488,0.9555207154213017,0.7006831660041445,0.2011623901876095,0.7525142540306695,0.4832303543136498,0.41575722528692005,0.2423937414767956,3.0
0.011306598419473235,0.8588689692465058,0.10378903863972366,0.7350270529509787,0.6246043039110888,0.36737494768838996,0.4661454313988802,0.017225390677545138,0.567531127056891,0.8299035363470583,0.83959223611645,0.8301218993962433,0.1218690106020186,0.8720024957411731,0.870380339697983,0.7008499777977116,3.0
0.5766498400588863,0.6061976744843849,0.200523577957752,0.2549518983049385,0.5905246593270547,0.17836615687871282,0.33609706631824765,0.08425962987012503,0.4392671855981294,0.5489403296563815,0.41832962245714944,0.14917671479614114,0.6965936931347018,0.35516841589255277,0.056076127218978034,0.3057900800190474,3.0
0.1130070953483101,0.1270126990640842,0.895959111094153,0.5292705457579172,0.6813123095887108,0.03189798654035714,0.350569548197985,0.37653173220921565,0.3854589912409284,0.02907603521878066,0.8482498343998214,0.5231386197082256,0.35655075025681937,0.7324872991397052,0.7565622559986277,0.5810772847664629,3.0
0.6585741060175488,0.45717441118260826,0.7598458780835927,0.8143057027552928,0.42776851698097274,0.6231419487870432,0.5400386118298004,0.13181684475349886,0.730342004417097,0.6961719520758304,0.006895087319691573,0.6661959418873258,0.4479258047925502,0.1720902007328301,0.3317294118135272,0.19533139759576168,3.0
0.9398644550662479,0.8405492255840833,0.14944852639630302,0.5426157883323119,0.9572102104585388,0.1924658855360576,0.4422855860230319,0.06493123932368772,0.36845275419790147,0.3273006628102244,0.20927568119452267,0.06443094218536793,0.37877258294898564,0.16439557010400674,0.27171437405210463,0.3893677909145462,3.0
0.3335382142406791,0.6259883185786869,0.16827017634459585,0.6771226395673047,0.3116821289079308,0.9125727913085862,0.7780262118178409,0.1952569943757516,0.5215088260266753,0.6125240498819562,0.41478539912756707,0.6164253279043785,0.8306999894661671,0.7881329252908202,0.45943226133903015,0.924949575553795,3.0
0.8009729334930717,0.9881601945002647,0.43331473296302114,0.33950860581495224,0.7184241091592218,0.9005888713924612,0.5313649463355943,0.36060091689906193,0.879761370105723,0.09716981896472554,0.44830186979444564,0.9319144969021963,0.25071394853764395,0.19282728875908028,0.8989952711672953,0.011054611213723753,3.0
0.24817198157094444,0.6251314775323179,0.721706366950692,0.3777355325871389,0.30317162704368916,0.26189477394608807,0.4589379103018698,0.07369775780187615,0.023257607065230612,0.47644874040717355,0.09789647031322046,0.69949660931116,0.7133155467223908,0.7792283442494358,0.030166611690495837,0.24043351422294412,3.0
0.7460551729855207,0.8630588677578878,0.6023511035186473,0.5385603327979644,0.9173095951346232,0.6538143384252019,0.4835898327309883,0.004962881424776189,0.25250524953004494,0.7830702659097541,0.32812607409127903,0.2243654054647587,0.8306164670978461,0.703523309726021,0.10196951499103446,0.55363321174522,4.0
0.7364958781846097,0.9390173890884579,0.2700411160334879,0.11574766385557844,0.39225206906074095,0.5387192100974573,0.1886304200889517,0.9434246914227966,0.008924911462360963,0.5530350974956412,0.9866066755076601,0.3847677441030237,0.5615145450044526,0.1397497886902389,0.12474316903406513,0.45316920681768713,4.0
0.7167182268291042,0.9201472795403866,0.6856912923320497,0.19560982538086458,0.8298205943003243,0.037766790552057894,0.5170139785951514,0.9906453718694338,0.9046165434181103,0.24663980478922998,0.6752354644323649,0.015818776852644212,0.09431938718547639,0.9180451018700441,0.4207775835964779,0.16431514013932969,4.0
0.5559223480462764,0.48009827603291944,0.3837260504356187,0.07410800645943005,0.31981030142618194,0.4289121541057146,0.5297894371620601,0.9922110761905205,0.7593355490544399,0.19186652102960955,0.34577332957217943,0.3375844028762508,0.34087436189437437,0.747881294275996,0.15183967787146357,0.41172104172142787,4.0
0.9860781608919102,0.26810636627082096,0.5362679598329737,0.5433945257277782,0.20348943458896096,0.9059623318730845,0.8946266681619116,0.6480002426843605,0.6728883720512252,0.9547070325527095,0.10721253020730681,0.06114926368471951,0.8524304012483416,0.5529225603858631,0.7422814433206095,0.061992415360046516,4.0
0.43715885113682684,0.985543656245186,0.5560836299247114,0.32605815183927067,0.5810182594210551,0.7380371194661791,0.6138515633719449,0.9157877124749241,0.029645368645394354,0.8651741545517385,0.8516367966755514,0.00950106487038338,0.1923709484052455,0.6734920961586014,0.6488617901269883,0.32518361747178837,4.0
0.9529974326608184,0.8906768451366291,0.9800103748178043,0.04437417934078536,0.008708006507668564,0.41207891674424235,0.7278500061050132,0.7029536460611665,0.017009331014701035,0.7071430367866505,0.354784556063908,0.19510020669957062,0.7294775835834317,0.3739589623795939,0.9469154988428127,0.41740811629163055,4.0
0.33606148596661767,0.2323676494456487,0.03840564009543934,0.6746675604610177,0.3167407071760717,0.9451255318834689,0.4671863045087645,0.6489133806310644,0.6526395953596595,0.29328942082537035,0.6993001822420613,0.04413638679993581,0.1817759101639036,0.08769748597143567,0.6259572118936478,0.37109907840632683,4.0
0.2593928988495362,0.9615891350179547,0.1813773512823187,0.9966673766959362,0.5420069291501699,0.30322853351770085,0.17012714339444568,0.9854619414509986,0.9676619703607527,0.704743165773591,0.4739364439635302,0.8631353949463173,0.4566245678666374,0.752661535261917,0.36875773931741584,0.4841730398185137,4.0
0.977850389898269,0.7717410287758555,0.883596194929573,0.9317827203895295,0.8316631746625086,0.5111016734023283,0.2547553976938838,0.09672378189494513,0.3825020137638535,0.16065479012593298,0.42443511421306546,0.33084425860822053,0.7470072654976417,0.8968313587439435,0.04691620613186642,0.6627522427601967,4.0
0.38397791153304717,0.11511343019995968,0.02594539397526352,0.9149641119106933,0.214748398106143,0.7115960434558112,0.47521030799228536,0.4198833006796312,0.5864448661860642,0.13605408137967712,0.59457053138169,0.8558144081340574,0.3732365873884421,0.08692287058182735,0.0361883696248837,0.824648686931479,4.0
0.398906965367372,0.06814162361539988,0.7580366514019079,0.8735093097897955,0.44331305128645215,0.44276342068569774,0.11682056232386484,0.13313855680171183,0.266760380124174,0.05308377769845918,0.015050271495949508,0.8791064590401806,0.2186404492789722,0.836475033599431,0.5831994053102585,0.7965128468071182,4.0
0.35231521375358366,0.9966017241834005,0.607409505963508,0.48753920361710856,0.0822750104049349,0.8790755458342442,0.8512668919316835,0.2055080145714564,0.21931650144582848,0.568167069737494,0.1231108644473291,0.9542838997489713,0.7992034826996801,0.828374447840142,0.4852375000253454,0.3533489989227019,4.0
0.5434978518296852,0.21246892691507469,0.4410819698417323,0.9457759255954028,0.1106697922303228,0.7920046110277676,0.4360113926432566,0.8193952165861513,0.7850041134333071,0.051925911021243,0.8642867900012143,0.9549600853913389,0.3168550841649409,0.5626058440104948,0.6104440084767321,0.9246250526771895,4.0
0.033462646310894795,0.8436696217033302,0.9308339907129658,0.8271291845823862,0.7628986704997593,0.9579238480378011,0.10367633020419464,0.7160521485812233,0.6712343407993319,0.5873653776915299,0.2233554982231979,0.8625761882914466,0.6148894064095559,0.19565395918064354,0.8206077854746968,0.004176531275131401,4.0
0.6743502418381679,0.4408347330212682,0.23731432711578637,0.09032725424045618,0.7136594800432721,0.005710429564121822,0.024595524497464827,0.535530178721513,0.18087952519430173,0.2404022335290127,0.9108987535657088,0.9961861959381272,0.17489332364874188,0.16043195619947437,0.47524031037716563,0.21378257216865892,4.0
0.14619531318518098,0.2249672160765117,0.4302689683647809,0.0003077210010740128,0.7696099763605891,0.7919085486795403,0.30247410088260096,0.35869545066228803,0.21480710880441312,0.8576330493861225,0.4261992868998634,0.11419073281679948,0.9743082399450009,0.8552811398496338,0.9100476156030909,0.10029023382946789,4.0
0.021897413158095014,0.7199738015761862,0.5115227456318948,0.4959823877885763,0.1656777100368635,0.5307193438022693,0.49002733448785063,0.3572820705084313,0.5615371730022354,0.32643198830804454,0.10599165572109037,0.5121519219770821,0.6740495949788127,0.9635189575042785,0.8231337893496956,0.5880565618197713,4.0
0.3157181343820483,0.8345212568666147,0.4075004152502879,0.7881120892767776,0.1674469041745742,0.8030623421658041,0.8344011705527853,0.04379441723557498,0.5779618825869658,0.6448657512874162,0.46459480739275605,0.8414747419192243,0.318922964873802,0.3937982069250201,0.40215463251119166,0.7926581976005908,4.0
0.36827733389195194,0.809027851924766,0.2183273636902482,0.542913665679093,0.3816165721268612,0.23308105541109914,0.5313116886392851,0.6267037677485539,0.4766241452440799,0.831440019909546,0.13978874589592938,0.8858352496080256,0.7248828826573702,0.6384934754290422,0.44320229503389996,0.09828092871530603,4.0
0.6092056133851745,0.7632743341574735,0.012363959575000472,0.38753492127646516,0.7144446291915698,0.47742404155375373,0.14585681224744895,0.08201663423531791,0.21373488484993253,0.7995954651821833,0.6126015136140792,0.5197857424125928,0.47840287497373135,0.9049204088944123,0.3127023186280292,0.43896176212401383,4.0
0.46622872851979846,0.7936742333793184,0.9593993949789581,0.6135386518613031,0.06747775668476941,0.09779031361076806,0.6753581239671417,0.9286713849888207,0.38904967370546717,0.9529270886006127,0.5584347531453406,0.2876205147355638,0.36675680325185134,0.5668569376450618,0.45171684872695694,0.09149913914972296,4.0
0.6380476420916467,0.8820256597059333,0.6667416783662649,0.4526971898860592,0.8218595148430123,0.040342383707573815,0.8238204872866932,0.2915303177926889,0.2099347769163289,0.4862616116412525,0.08564812711832315,0.10883306368874068,0.36250314483395674,0.9648240399194674,0.561180389266606,0.3294236413193272,4.0
0.49056490085028837,0.7052439996030959,0.918690624659661,0.3304754101888687,0.9705104104667858,0.85821804551217,0.44533574031427425,0.48655038149143615,0.5522610968022887,0.7059739520598864,0.1341640914069543,0.614174234039973,0.2703414741780673,0.9170664558770542,0.9193160360381883,0.5414130364716745,4.0
0.31116360857857683,0.5520668966175347,0.6971026895519379,0.9506416119434775,0.24008324303299677,0.3248998803477017,0.4329891549633934,0.5513290046302411,0.7178883086472867,0.5090793584857163,0.6136221312018104,0.3555488129692467,0.24182000293945405,0.6593462055547643,0.8174527623048891,0.5285110410341073,4.0
0.3640922268996153,0.7639346792664715,0.32802361765405175,0.018665242427957973,0.7318065598478661,0.689483533773855,0.5428776726427653,0.8157599204435992,0.8272002808261485,0.7586366995584753,0.04360415270201756,0.6053766677573339,0.09385602841108709,0.41748500048086046,0.3776187603119533,0.05207556670187008,4.0
0.6934387009574473,0.837094794094274,0.5952990800473406,0.5709971623433614,0.9239518380625263,0.07549382609700717,0.5633414042663986,0.8173798201873498,0.02852670726604034,0.7853187580886878,0.9955190252397937,0.8580810219610457,0.45491668108405203,0.3775122895060583,0.7277873624767719,0.6280897304998193,4.0
0.7763675032091603,0.48796804994529497,0.7449421529736464,0.00033237391799056937,0.9259229016826016,0.9435707477333817,0.879593365500841,0.4341693402784398,0.439148161322778,0.5507381770139893,0.24098810198090093,0.869477841049575,0.14313649191788236,0.11409268843905651,0.04393631531146691,0.7858316390169456,4.0
0.6082633670654672,0.26086481438777875,0.061232619743845196,0.6005834977232383,0.47311640194738847,0.6616174189151985,0.06385914646760238,0.4685471718030154,0.8959828822168073,0.9791141927110553,0.9606348039419154,0.12874049081549,0.17738723117622013,0.5912429301924704,0.8767678874267404,0.25878252247259026,4.0
0.03252191284459349,0.05314740586709221,0.4989849098709006,0.916299385262932,0.23144865955809346,0.9505998896496458,0.17597047321026016,0.3190896999506293,0.5045984731604122,0.802874965601927,0.6757684404281948,0.04641830518990764,0.339445465426333,0.4170650434677916,0.558598246157878,0.886314486576505,4.0
0.12219497213403407,0.8708308984562768,0.8978566480234357,0.7514070271174794,0.8714902250519202,0.3937766564603803,0.29044450973044267,0.5587928729148962,0.64725972308103,0.7520628789370299,0.3482883407879218,0.9689599370382209,0.6915431817559888,0.24572664990512527,0.5003063513491512,0.20095224896907893,4.0
0.918740985948691,0.5684856928495283,0.2957905187430352,0.3014846076428378,0.5231742346213681,0.3690196345912412,0.9611383908616362,0.5740515810168813,0.5693292777656079,0.1137481388595688,0.8761796854986638,0.6686648850115235,0.3142190564179256,0.09866437019919527,0.059878020191348136,0.8782973552885261,4.0
0.5241144341000922,0.7749647950903648,0.3325899672209023,0.2713330577258799,0.026704391756529722,0.33028265029014403,0.4427421248264425,0.46575926943098067,0.31191798035482077,0.8156149396823519,0.604635936605201,0.12519593185992484,0.6583009218833686,0.047634060499144315,0.8084485594746065,0.5065011321099723,4.0
0.13556741037370024,0.8046418859316057,0.11044762237781192,0.22440298188771912,0.02396835410435194,0.9275102782939474,0.36970187924564124,0.7163679891001807,0.5701024085731553,0.00863299862621092,0.9338606550344264,0.9594547949811352,0.12302686249848871,0.5279437186162634,0.1048766848769852,0.7275998844632784,4.0
0.2976631820514848,0.011020378601270253,0.7920574424859398,0.28585578740028716,0.4846284167599403,0.7307902242068599,0.19441394393685785,0.3997423787160215,0.7136473074952564,0.7970408990659739,0.3830362294396642,0.18143631628611223,0.7001387258679377,0.1132522418412455,0.8100265398783157,0.28323577618811546,4.0
0.2179517950057358,0.3042998240287119,0.592621366218662,0.5783124778724936,0.5724172522039336,0.8428047041034076,0.3911916096892182,0.16984224097494272,0.7910733834175505,0.42809668022939507,0.31315483247797027,0.07913662223482232,0.9797387997035356,0.6618891879898774,0.002129438904115988,0.9253429430632475,4.0
0.45822255730486683,0.8426998767789696,0.6045641638956443,0.3314165787364888,0.8526681888090836,0.8077843699368014,0.45310492195401897,0.9853329935324207,0.522580382359968,0.7670248334403078,0.8367386900535406,0.733493912845445,0.5758526602485703,0.33484693814099364,0.6327213185421245,0.08624643087882855,4.0
0.536380079966817,0.6565841584968906,0.940890221058835,0.8589999745392578,0.4331488142567711,0.22467136487364847,0.053227834509375294,0.6813320966569454,0.19195654521222372,0.7542740597528096,0.6703240824995151,0.7990612818146702,0.7376471566536943,0.055980142226860874,0.44885840319479653,0.6909636876978508,4.0
0.4586946955539486,0.9346105630630003,0.2823284562209669,0.9637442537433453,0.331570287070478,0.25358285410785164,0.7421926071472568,0.4552432591104648,0.20105922761356454,0.2754636489009662,0.2861002780458808,0.5838609535881926,0.5426201297306739,0.6234085485206572,0.4974499339599704,0.4059052233048899,4.0
0.006764214699070847,0.3563614127213762,0.919371626696093,0.07010717340578632,0.6294272981253726,0.7215161101166956,0.3662031033355967,0.20808533297930287,0.5196947771840841,0.4365066669568921,0.8661956770268693,0.3951469902396775,0.1929118045213567,0.7571555268081939,0.08752822199114596,0.3849122002944133,4.0
0.738527548430167,0.3956275485529892,0.012702674864807362,0.009237616029734719,0.9414975211617397,0.9081501248430653,0.13810680901182126,0.6970578141872329,0.0893281608300398,0.14950562174656112,0.46147904890992597,0.010880260454835478,0.3769605645568206,0.836652457724489,0.2559646090854305,0.29767743360863785,4.0
0.4201509222394979,0.43609545070862543,0.02417806542302281,0.10529296799702026,0.32609066425704325,0.33030642904750773,0.23759327348640413,0.14459649667035201,0.3476837908877788,0.6695002828838843,0.4770632437727229,0.3774775654004269,0.3406876833306123,0.7776496540615666,0.0101784784127813,0.8330270010220614,4.0
0.8498378176978667,0.11871834379260382,0.810221965180073,0.7593939601112757,0.9675581854961388,0.3560204212465934,0.587241766815121,0.45508244868085224,0.8881240679674826,0.0009341716985286075,0.6513098792291222,0.2199356407578017,0.15446231012255973,0.7331180187590448,0.6684188018240033,0.0063941449667304084,4.0
0.7146568932384769,0.5854172904440434,0.5616423862200328,0.3497639892243619,0.17296403081058442,0.8969587792865822,0.3318250794534673,0.4329209762591415,0.9709921409433977,0.9346243650301611,0.7284794766205275,0.13207399271992237,0.6041983938517123,0.980697462629603,0.6435203966971488,0.9689161533269449,4.0
0.04336124036562816,0.7060169459880187,0.4838532996199032,0.7659136094896013,0.13240661290929034,0.036827717729380094,0.2622075640820096,0.21493358167438004,0.5850257162484298,0.7474557411660516,0.6852521848738955,0.40252951034954343,0.7350895775081585,0.22681172967568763,0.2472645695105924,0.30338608476623563,4.0
0.31128523642707673,0.61550387988145,0.7228457225559421,0.33270034002157944,0.036184725108786786,0.19383507341247885,0.8229489199052935,0.1264980476829648,0.21281126055570077,0.10007964291368476,0.005003582059474154,0.088958150796421,0.06944213671693467,0.11869339246146104,0.028829763730854552,0.9031642041819266,4.0
0.45953825138806503,0.8700023104693599,0.9919479377397372,0.16695192884485643,0.6307824398486983,0.8092058923535295,0.7076744062027162,0.11758054814410113,0.18586984438279497,0.18051639048732881,0.530104614404886,0.9932717815693278,0.6432720985270097,0.30796765886808464,0.4798212172729053,0.3783666321458734,4.0
0.4413504826210223,0.6623045021843051,0.061246725019818093,0.2940813995461561,0.8242532920338811,0.4483122588494777,0.7655656374044811,0.015002987864928152,0.015543764478007427,0.9832957243120275,0.2769132190847663,0.5630595121086245,0.08966582754716756,0.240214683787508,0.4532967495573973,0.410735577233703,4.0
0.09508216812648773,0.32355816919200875,0.20607762778911332,0.8208042953109368,0.7905382498582946,0.8029394956648335,0.22967761993184266,0.10210610474711235,0.9922714179527051,0.48754767097152063,0.7025827082253588,0.2991768874474138,0.4512639878926499,0.7928715486798209,0.08625967310252702,0.5676126860098749,4.0
0.9267192255695632,0.15943937855349777,0.5559590379498346,0.5366963529303046,0.7928372738125743,0.3799655380157442,0.8740814043839432,0.5433302415357711,0.8531613136064269,0.059850136589180036,0.44587607643615446,0.2777080690247865,0.6949228120742676,0.6711691633092115,0.002117329108428545,0.4240094016767538,4.0
